,avg,std
train_score,0.9598251089275439,0.002881797573846195
mean_cv_score,0.6858788326441781,0.011185327918675754
test_score,,
run_time,54192.14789605141,
test_r2,0.817050624201289,
