,avg,std
train_score,0.9945549923029462,0.0001228831785524428
mean_cv_score,0.928779660501223,0.001072100229443998
test_score,,
run_time,91298.75131011009,
test_r2,0.9635612754977634,
