{"train_score": [0.9780577121472799, 0.9780445873387508, 0.9779246500717074, 0.9775001219035593, 0.9777603989490881, 0.9772074907261226, 0.9774294865190963, 0.977430252024878, 0.9771203899027422, 0.9770719675989736, 0.9771758132548143, 0.9766492898036985, 0.9767160197967005, 0.977194182859155, 0.9767913108624732, 0.9766583713623994, 0.9766441582987133, 0.9766966738568518, 0.9768739793879584, 0.976631665489904, 0.9763220670223033, 0.9764967542029092, 0.9761180243632662, 0.9761015411626978, 0.9764315566764236, 0.9761346510307407, 0.9765033543402171, 0.9761399689987921, 0.976328347952674, 0.9758926759686904], "mean_cv_score": [0.7983504416533065, 0.797522618298764, 0.7962200265414223, 0.7970101564187788, 0.7969477535864498, 0.7955096646472435, 0.7968755997993757, 0.795763189210882, 0.7950877035870859, 0.7971633062268657, 0.7987823132721414, 0.7991303506899639, 0.7925872162932912, 0.7948452411583644, 0.7993444880202694, 0.8011521597836542, 0.8008864282811932, 0.799054590183792, 0.7988997101645121, 0.7990153029060121, 0.8041722469331992, 0.8030381924723906, 0.8015392570274309, 0.8031648244968854, 0.803265787189188, 0.8013585922576518, 0.798354375411418, 0.7954715137658517, 0.8043129625881342, 0.8037727744599823], "test_score": [0.9864730937392935, 0.8346110315855582, 0.0, 0.8698653931838043, 0.6239847769778544, 0.0, 0.7678778196909302, -24.543069135828738, 0.0, 0.7189542183443824, -0.49415806360025116, 0.9241732685590499, 0.8657303276521974, 0.8703758643190577, 0.9128974108524349, 0.7247406205539212, 0.33566402585247956, 0.8277755001221939, 0.8116824013032853, 0.922278858499551, 0.8399158934003682, 0.918820056897385, 0.9889466389359347, 0.08496680189555006, 0.9370027065313083, 0.8168322062405123, 0.9177095671797255, 0.9442852502568594, 0.9524213304276148, 0.9644543962981931], "run_time": 2657.279760122299, "test_r2": 0.8600577049271148}