{"train_score": [0.9620429458155637, 0.9617670618883936, 0.9617072882461346, 0.9619246831601614, 0.9609701397067076, 0.9609767814236003, 0.9611822925558415, 0.960918358015346, 0.9609078908949934, 0.960638504328325, 0.9600201755417113, 0.9608295749391552, 0.9602988614364679, 0.9603486368611573, 0.9601706484065347, 0.9600097182925855, 0.959162306815501, 0.9602567550467914, 0.9596369036636615, 0.9595191762020907, 0.959608666633228, 0.9585958956378572, 0.9594829291213632, 0.9581973217858032, 0.9586192267237138, 0.9587614485093332, 0.9594115925864217, 0.958626492319827, 0.958282419989905, 0.9582407458789552], "mean_cv_score": [0.6804634314677582, 0.6778874079599747, 0.6774580763520217, 0.6690400084897792, 0.6756177864988901, 0.6698953981201714, 0.6770216638626396, 0.6753685177407442, 0.6795594594098321, 0.6789626768778654, 0.6808151070238868, 0.6931268819231167, 0.6945984679805073, 0.6902469844332484, 0.6960895034322436, 0.7003461064858001, 0.6986515371395323, 0.6954080038293321, 0.6970259887780539, 0.7001584580582022, 0.7036945714038454, 0.7032835815025356, 0.6959364787710728, 0.6951311734419083, 0.6916610273039818, 0.6860530803652176, 0.6827057857270048, 0.6751452235124857, 0.6727401873731919, 0.6671428611425547], "test_score": [0.9250427090973191, 0.9092408548812103, 0.0, 0.852814027721352, 0.6733341332880879, 0.0, 0.7446177200093173, -20.841766752426185, 0.0, 0.6984108634026872, -1.0113594015000156, 0.8818226999000184, 0.858417857670449, 0.7578286091196365, 0.8570410413258196, 0.2583418214830713, 0.384149935674328, 0.146550457836077, 0.6243098575140308, 0.5210071196862122, 0.4660542866830273, 0.7734505969555795, 0.8428760604492265, -1.6132377101111413, 0.8218292105321423, 0.5873098649825753, 0.7773080782105739, 0.8087413149809546, 0.805759178597368, 0.916836011394039], "run_time": 1988.499948978424, "test_r2": 0.7754988532876679}